"0",""
"0","occupancy %>%"
"0","  select(where(is.numeric)) %>%"
"0","  cor(use = 'complete.obs', method = ""pearson"")"
"1","             "
"1"," Temperature"
"1","    Humidity"
"1","       Light"
"1","       CO2"
"1"," HumidityRatio"
"1","
Temperature  "
"1","   1.0000000"
"1"," -0.15696350"
"1","  0.68857106"
"1"," 0.4499887"
"1","     0.2052796"
"1","
Humidity     "
"1","  -0.1569635"
"1","  1.00000000"
"1"," -0.02945884"
"1"," 0.2997463"
"1","     0.9327237"
"1","
Light        "
"1","   0.6885711"
"1"," -0.02945884"
"1","  1.00000000"
"1"," 0.4481052"
"1","     0.2233286"
"1","
CO2          "
"1","   0.4499887"
"1","  0.29974628"
"1","  0.44810517"
"1"," 1.0000000"
"1","     0.4779647"
"1","
HumidityRatio"
"1","   0.2052796"
"1","  0.93272370"
"1","  0.22332863"
"1"," 0.4779647"
"1","     1.0000000"
"1","
"
